Workbook

Sheet INFO
A1: V-MARKET — THIẾT LẬP KẾ HOẠCH
A3: Thông số | B3: Giá trị
A4: Ngày bắt đầu (thứ Hai) | B4: 46225
A5: Thời lượng | B5: 4 tuần / 20 ngày làm việc
A6: Mục tiêu nội bộ | B6: Có bản end-to-end vào cuối ngày 10
A7: Nguyên tắc | B7: Tuần 3–4 dùng để ổn định, kiểm thử, tích hợp và demo
A8: Phạm vi cắt đầu tiên | B8: Chat → Gợi ý → Voucher → Review → Dashboard nâng cao

Sheet Kế hoạch 4 tuần
A1: V-MARKET — EXECUTION PLAN 4 TUẦN
A2: Ngày | B2: Ngày dự kiến | C2: Nhóm việc | D2: Công việc | E2: Kết quả cần đạt | F2: Ưu tiên | G2: Phụ thuộc | H2: Trạng thái | I2: Hoàn thành | J2: Mốc kiểm tra/demo | K2: Ghi chú
A4: 1 | B4: =INFO!$B$4+INT((A4-1)/5)*7+MOD(A4-1,5) -> 46225 | C4: Nền tảng | D4: Khởi tạo dự án, cấu hình môi trường, đăng nhập và hai vai trò | E4: Buyer và Seller đăng nhập độc lập | F4: P0 | G4: Ngày 1 | H4: Done | I4: =IF(H4="Done",100,IF(H4="In Progress",50,IF(H4="Blocked",25,0))) -> 100 | J4: Hai phiên đăng nhập | K4: Có tài khoản seed cho buyer, seller A, seller B
A5: 2 | B5: =INFO!$B$4+INT((A5-1)/5)*7+MOD(A5-1,5) -> 46226 | C5: Tích hợp V-App | D5: Đọc tài liệu và xác định các điểm tích hợp cần mô phỏng: đăng nhập, thông tin người dùng, phiên thanh toán và kết quả thanh toán | E5: Hoàn thành danh sách API, dữ liệu vào/ra và sơ đồ luồng giữa MiniApp, V-Market Backend và Mock V-App | F5: P0 | G5: Ngày 2 | H5: Done | I5: 100 | J5: Chốt API, API hoạt động | K5: Không xây lại toàn bộ V-App; chỉ mô phỏng các chức năng V-Market sử dụng
A6: 3 | B6: =INFO!$B$4+INT((A6-1)/5)*7+MOD(A6-1,5) -> 46227 | C6: Seller | D6: Tạo và quản lý cửa hàng | E6: Seller tạo/chỉnh sửa được shop và chỉ quản lý shop của mình | F6: P0 | G6: Ngày 3 | H6: Done | I6: 100 | J6: Shop hoạt động | K6: Một seller–một shop trong MVP
A7: 4 | B7: =INFO!$B$4+INT((A7-1)/5)*7+MOD(A7-1,5) -> 46228 | C7: Catalogue | D7: Tạo sản phẩm, phiên bản, giá và số lượng hàng | E7: Seller đăng được sản phẩm có màu/size hoặc phiên bản | F7: P0 | G7: Ngày 4 | H7: Done | I7: 100 | J7: Sản phẩm hợp lệ | K7: Kiểm tra dữ liệu bắt buộc và từ khóa cơ bản
A8: 5 | B8: =INFO!$B$4+INT((A8-1)/5)*7+MOD(A8-1,5) -> 46229 | C8: Buyer | D8: Danh sách, chi tiết, tìm kiếm và lọc sản phẩm | E8: Buyer nhìn thấy sản phẩm vừa đăng | F8: P0 | G8: Ngày 5 | H8: Done | I8: 100 | J8: Checkpoint tuần 1 | K8: Cuối ngày phải demo Seller đăng → Buyer xem
A9: 6 | B9: =INFO!$B$4+INT((A9-1)/5)*7+MOD(A9-1,5) -> 46232 | C9: Commerce | D9: Giỏ hàng đa cửa hàng | E9: Thêm/xóa/sửa số lượng và nhóm đúng theo từng shop | F9: P0 | G9: Ngày 5 | H9: Done | I9: 100 | J9: Giỏ hàng đa shop | K9: Chưa cần voucher
A10: 7 | B10: =INFO!$B$4+INT((A10-1)/5)*7+MOD(A10-1,5) -> 46233 | C10: Checkout | D10: Kiểm tra lại giá, số lượng và tạo đơn hàng | E10: Buyer tạo được một đơn chung từ nhiều shop | F10: P0 | G10: Ngày 6 | H10: Done | I10: 100 | J10: Đơn chung được tạo | K10: Lưu snapshot giá tại thời điểm đặt
A11: 8 | B11: =INFO!$B$4+INT((A11-1)/5)*7+MOD(A11-1,5) -> 46234 | C11: Order & Payment | D11: Phân chia đơn theo shop và thanh toán mô phỏng | E11: Mỗi shop có phần đơn riêng; thanh toán thành công/thất bại | F11: P0 | G11: Ngày 7 | H11: Done | I11: 100 | J11: Đơn được tách đúng | K11: Thiết kế để thay mock bằng Payment Hub sau
A12: 9 | B12: =INFO!$B$4+INT((A12-1)/5)*7+MOD(A12-1,5) -> 46235 | C12: Fulfillment | D12: Seller nhận đơn, cập nhật trạng thái; buyer theo dõi | E12: Seller chỉ thấy đơn của shop mình; buyer thấy trạng thái mới | F12: P0 | G12: Ngày 8 | H12: Done | I12: 100 | J12: Hai màn hình đồng bộ | K12: Không cần realtime socket; refresh/polling vẫn chấp nhận
A13: 10 | B13: =INFO!$B$4+INT((A13-1)/5)*7+MOD(A13-1,5) -> 46236 | C13: Tích hợp | D13: Chạy luồng end-to-end và sửa lỗi cản trở | E13: Demo v0 chạy trọn luồng từ đăng sản phẩm đến hoàn thành đơn | F13: P0 | G13: Ngày 1–9 | H13: Done | I13: 100 | J13: MVP end-to-end | K13: Đây là mốc không được trễ
A14: 11 | B14: =INFO!$B$4+INT((A14-1)/5)*7+MOD(A14-1,5) -> 46239 | C14: Inventory | D14: Giữ hàng trong thời gian thanh toán và tự hoàn lại khi hết hạn | E14: Không mất hàng sai khi buyer chưa thanh toán | F14: P0 | G14: Ngày 8–10 | H14: Done | I14: 100 | J14: Reservation hoạt động | K14: Có timeout ngắn để dễ demo
A15: 12 | B15: =INFO!$B$4+INT((A15-1)/5)*7+MOD(A15-1,5) -> 46240 | C15: Độ tin cậy | D15: Xử lý yêu cầu đặt hàng/callback thanh toán bị gửi lặp | E15: Không tạo đơn hoặc ghi nhận thanh toán nhiều lần | F15: P0 | G15: Ngày 8–11 | H15: In Progress | I15: 50 | J15: Không bị trùng giao dịch | K15: Tạo test case lặp request
A16: 13 | B16: =INFO!$B$4+INT((A16-1)/5)*7+MOD(A16-1,5) -> 46241 | C16: Bảo mật nghiệp vụ | D16: Kiểm tra phân quyền và các tình huống dữ liệu thay đổi | E16: Seller không xem đơn shop khác; buyer được báo khi giá/hàng thay đổi | F16: P0 | G16: Ngày 2–12 | H16: Done | I16: 100 | J16: Các lỗi chính được chặn | K16: Ưu tiên kiểm tra ở backend
... A23: 20 | B23: =INFO!$B$4+INT((A23-1)/5)*7+MOD(A23-1,5) -> 46250 | C23: Demo | D23: Tổng duyệt hai màn hình, kiểm tra mạng và chuẩn bị phương án dự phòng | E23: Demo ổn định, đúng thời lượng và có một tình huống lỗi | F23: P0 | G23: Ngày 18–19 | H23: Not Started | I23: 0 | J23: Final demo | K23: Có video hoặc ảnh dự phòng nếu môi trường gặp sự cố

Sheet Test scenarios
A1: V-MARKET — TEST MATRIX
A2: Test ID | B2: Nhóm | C2: Tầng test | D2: Ưu tiên | E2: Kịch bản | F2: Điều kiện/Dữ liệu | G2: Các bước chính | H2: Kết quả mong đợi | I2: Tự động hóa | J2: Status | K2: Regression | L2: Bug ID | M2: Ghi chú
A3: AUTH-01 | B3: Authentication & Authorization | C3: Integration | D3: P0 | E3: Buyer đăng nhập bằng authCode hợp lệ | F3: Tài khoản buyer có sẵn | G3: Gửi authCode hợp lệ qua Mock V-App | H3: V-Market tạo/nhận user và phiên đăng nhập đúng | I3: Yes | J3: Not Run | K3: No
A4: AUTH-02 | B4: Authentication & Authorization | C4: Integration | D4: P0 | E4: Seller đăng nhập bằng authCode hợp lệ | F4: Tài khoản seller có shop | G4: Gửi authCode hợp lệ | H4: Phiên đăng nhập có role Seller và đúng sellerId | I4: Yes | J4: Not Run | K4: No
A5: AUTH-03 | B5: Authentication & Authorization | C5: Contract | D5: P0 | E5: authCode không hợp lệ hoặc hết hạn | F5: authCode sai | G5: Gửi request đăng nhập | H5: Bị từ chối, không tạo phiên | I5: Yes | J5: Not Run | K5: No
A6: AUTH-04 | B6: Authentication & Authorization | C6: Security | D6: P0 | E6: Buyer gọi API tạo sản phẩm | F6: Buyer đã đăng nhập | G6: Gọi endpoint seller | H6: Bị từ chối quyền | I6: Yes | J6: Not Run | K6: No
A7: AUTH-05 | B7: Authentication & Authorization | C7: Security | D7: P0 | E7: Seller A truy cập shop của Seller B | F7: Hai seller khác nhau | G7: Thay shopId trên request | H7: Bị từ chối; không rò dữ liệu | I7: Yes | J7: Not Run | K7: No
A8: AUTH-06 | B8: Authentication & Authorization | C8: Security | D8: P1 | E8: Token hết hạn | F8: Token đã hết hạn | G8: Gọi API cần đăng nhập | H8: Nhận lỗi xác thực phù hợp | I8: Yes | J8: Not Run | K8: No
A9: PROD-01 | B9: Shop & Product | C9: Integration | D9: P0 | E9: Seller tạo shop với dữ liệu hợp lệ | F9: Seller chưa có shop | G9: Nhập đủ tên, mô tả | H9: Shop được tạo và thuộc đúng seller | I9: Yes | J9: Not Run | K9: No
A10: PROD-02 | B10: Shop & Product | C10: Integration | D10: P1 | E10: Seller tạo shop thứ hai | F10: Seller đã có shop | G10: Gửi request tạo shop mới | H10: Bị từ chối trong MVP một seller–một shop | I10: Yes | J10: Not Run | K10: No
A11: PROD-03 | B11: Shop & Product | C11: Unit | D11: P0 | E11: Tạo sản phẩm thiếu tên | F11: Shop active | G11: Bỏ trống tên | H11: Không cho lưu/đăng | I11: Yes | J11: Not Run | K11: No
A12: PROD-04 | B12: Shop & Product | C12: Unit | D12: P0 | E12: Giá bằng 0 hoặc âm | F12: Shop active | G12: Nhập giá 0/-1 | H12: Không cho đăng | I12: Yes | J12: Not Run | K12: No
A13: PROD-05 | B13: Shop & Product | C13: Unit | D13: P0 | E13: Tồn kho âm | F13: Shop active | G13: Nhập stock -1 | H13: Không cho đăng | I13: Yes | J13: Not Run | K13: No
A14: PROD-06 | B14: Shop & Product | C14: Integration | D14: P0 | E14: SKU trùng trong cùng shop | F14: Đã có SKU A | G14: Tạo SKU A lần nữa | H14: Bị từ chối hoặc yêu cầu mã khác | I14: Yes | J14: Not Run | K14: No
... A59: LOAD-03 | B59: End-to-End & Load | C59: Stress | D59: P2 | E59: Tăng tải đến điểm gãy | F59: Môi trường test riêng | G59: 10→25→50→100→200 users | H59: Xác định điểm gãy và hệ thống phục hồi | I59: No | J59: Not Run | K59: No
